Statistic Measure	Naive Bayes	Random Forest	SVM
Accuracy	0.7461499843725582	0.9827160493827162	0.7487591811220502
